tx,ty,land_frac,elev_min,elev_max,hi,r1000_p90,r1000_max,r2500_p99,r2500_max,r5000_max,w2k_p99,w2k_max,w2k_max_x0,w2k_max_y0,w2k_max_x1,w2k_max_y1,slope_p90,slope_p99,slope_bc,tri_mean,misses
-16,-16,1,193.208,1363.5,0.462193,256.65,438.691,582.95,634.754,869.459,341.15,506.931,-243480,-239910,-245490,-239910,25.51,36.93,0.520888,19.5574,0
-16,-15,1,16.331,820.886,0.318381,272.35,452.659,548.85,606.996,706.883,372.25,503.103,-245250,-215310,-243240,-215310,22.23,34.35,0.554791,15.3059,0
-16,-14,0.902628,0,1496.76,0.200963,433.15,931.922,1045.25,1248.62,1470.81,630.85,1064.67,-232110,-206370,-230700,-207780,32.85,49.59,0.461718,24.4671,0
-16,-13,0.0924289,0,444.121,0.004501,2.35,442.692,356.35,444.121,444.121,61.15,443.387,-235500,-197940,-234090,-199350,0.09,10.51,0.900575,0.662189,0
-16,-12,0.0496065,0,38.324,0.0115612,0.05,38.324,38.35,38.324,38.324,17.85,38.324,-235830,-182550,-233820,-182550,0.01,4.07,0.755515,0.221403,0
-16,-11,0,0,0,0,0.05,0,0.05,0,0,0.05,0,-245520,-168720,-243510,-168720,0.01,0.01,0,0,0
-16,-10,0,0,0,0,0.05,0,0.05,0,0,0.05,0,-245520,-153360,-243510,-153360,0.01,0.01,0,0,0
-16,-9,0,0,0,0,0.05,0,0.05,0,0,0.05,0,-245520,-138000,-243510,-138000,0.01,0.01,0,0,0
-16,-8,0.0565898,0,383.33,0.0104628,0.05,369.598,309.75,383.33,383.33,131.35,373.722,-243540,-110130,-244950,-108720,0.01,22.47,0.888169,0.852782,0
-16,-7,0.694561,0,370.841,0.279901,130.15,348.008,309.75,368.873,370.841,206.25,365.658,-237330,-92490,-239340,-92490,9.41,24.19,0.587819,5.34514,0
-16,-6,0.969567,0,996.554,0.307181,305.25,668.138,664.85,669.362,742.842,399.45,666.523,-232950,-86160,-231540,-84750,21.67,36.69,0.624539,12.2119,0
-16,-5,1,222.74,3177,0.300237,538.25,845.309,1179.45,1375.54,2000.01,753.55,1039.79,-239100,-63240,-240510,-61830,33.51,43.61,0.509678,26.4697,0
-16,-4,1,662.064,3748.5,0.432962,664.45,1100.81,1484.25,1558.18,2090.04,936.35,1329.13,-238140,-57840,-239550,-56430,37.63,47.25,0.450434,32.9756,0
-16,-3,1,495.254,2623.56,0.446526,541.05,732.988,1142.25,1223.55,1646.77,731.05,989.907,-232830,-44820,-234840,-44820,32.17,40.07,0.408836,28.7339,0
-16,-2,0.870252,0,1396.12,0.320399,511.35,838.537,1044.05,1102.5,1297.59,680.05,913.954,-242700,-23880,-242700,-25890,32.45,47.03,0.532917,21.4444,0
-16,-1,0.00116253,0,0.511,0.000315462,0.05,0.511,0.05,0.511,0.511,0.05,0.511,-243060,-14310,-245070,-14310,0.01,0.01,0.866276,0.000916155,0
-16,0,0,0,0,0,0.05,0,0.05,0,0,0.05,0,-245520,240,-243510,240,0.01,0.01,0,0,0
-15,-16,1,173.411,989.477,0.530789,408.15,569.021,715.95,749.333,796.146,489.95,651.019,-217740,-240390,-216330,-241800,32.01,40.67,0.462281,27.8325,0
-15,-15,1,155.21,1677.92,0.264261,394.35,774.632,903.85,1075.78,1313.45,508.85,872.953,-223950,-217320,-223950,-215310,32.23,41.97,0.42337,28.4914,0
-15,-14,1,1.801,1802.93,0.446965,631.15,960.744,1261.25,1317.92,1553.52,850.15,1075.17,-227610,-204930,-229020,-206340,38.23,48.33,0.401638,35.6174,0
-15,-13,0.310281,0,721.125,0.0614743,366.45,633.83,719.85,721.125,721.125,517.25,709.601,-222810,-196230,-221400,-197640,22.57,47.57,0.843955,7.73502,0
-15,-12,0.0749098,0,167.748,0.00819921,12.85,167.748,123.15,167.748,167.748,55.15,167.748,-219660,-183870,-221670,-183870,0.01,9.67,0.74577,0.596107,0
-15,-11,0,0,0,0,0.05,0,0.05,0,0,0.05,0,-230160,-168720,-228150,-168720,0.01,0.01,0,0,0
-15,-10,0,0,0,0,0.05,0,0.05,0,0,0.05,0,-230160,-153360,-228150,-153360,0.01,0.01,0,0,0
-15,-9,0,0,0,0,0.05,0,0.05,0,0,0.05,0,-230160,-138000,-228150,-138000,0.01,0.01,0,0,0
-15,-8,0,0,0,0,0.05,0,0.05,0,0,0.05,0,-230160,-122640,-228150,-122640,0.01,0.01,0,0,0
-15,-7,0.402116,0,11.6,0.101963,3.95,7.97,7.95,10.386,11.6,4.05,7.97,-224640,-102150,-224640,-100140,0.63,1.63,0.530768,0.433006,0
-15,-6,0.998801,0,519.744,0.0948219,118.15,330.844,340.45,384.219,497.358,218.05,349.703,-228660,-78840,-230070,-77430,8.57,23.43,0.728656,4.53901,0
-15,-5,1,77.957,1058.01,0.283712,371.15,592.844,712.35,795.849,865.551,437.85,654.685,-217230,-66060,-215820,-64650,28.43,42.51,0.629582,17.5561,0
-15,-4,1,305.432,2464.55,0.453285,686.05,1056.18,1473.55,1550.7,1972.13,889.65,1281.99,-221580,-51810,-220170,-50400,37.49,58.11,0.467524,31.9889,0
-15,-3,1,346.121,2255.53,0.366933,554.15,794.696,1129.35,1232.92,1619.27,735.45,918.385,-217440,-39540,-218850,-40950,34.75,44.15,0.383948,32.2406,0
-15,-2,0.938565,0,1884.95,0.424315,738.15,1106.67,1495.25,1649.05,1884.95,1022.45,1433.95,-220530,-16050,-219120,-17460,41.31,57.33,0.469138,33.8469,0
-15,-1,0.043989,0,1004.44,0.0143844,0.05,873.635,876.55,1004.44,1004.44,536.95,1004.44,-219510,-13710,-218100,-15120,0.01,41.57,0.912461,2.1492,0
-15,0,0.113062,0,185.058,0.0475176,71.45,185.058,185.05,185.058,185.058,166.05,185.058,-223530,7440,-223530,9450,1.45,15.07,0.784781,1.26037,0
-14,-16,1,161.372,1285.1,0.496364,412.05,627.85,815.65,865.756,1050.59,575.85,742.683,-201030,-241590,-203040,-241590,30.15,40.43,0.468224,24.716,0
-14,-15,1,163.128,980.092,0.233832,222.55,529.127,577.35,677.241,766.308,363.85,635.762,-212940,-218160,-214350,-216750,22.95,35.11,0.669693,13.5035,0
-14,-14,0.936951,0,1056.81,0.253328,356.25,521.208,709.45,756.342,858.586,447.65,628.813,-211170,-211680,-213180,-211680,27.01,36.81,0.496829,19.2326,0
-14,-13,0.151193,0,641.047,0.0501904,203.05,582.422,631.95,641.047,641.047,373.85,641.047,-214470,-195510,-214470,-197520,8.55,35.29,0.851057,3.4446,0
-14,-12,0,0,0,0,0.05,0,0.05,0,0,0.05,0,-214800,-184080,-212790,-184080,0.01,0.01,0,0,0
-14,-11,0,0,0,0,0.05,0,0.05,0,0,0.05,0,-214800,-168720,-212790,-168720,0.01,0.01,0,0,0
-14,-10,0,0,0,0,0.05,0,0.05,0,0,0.05,0,-214800,-153360,-212790,-153360,0.01,0.01,0,0,0
-14,-9,0,0,0,0,0.05,0,0.05,0,0,0.05,0,-214800,-138000,-212790,-138000,0.01,0.01,0,0,0
-14,-8,0,0,0,0,0.05,0,0.05,0,0,0.05,0,-214800,-122640,-212790,-122640,0.01,0.01,0,0,0
-14,-7,0.0613009,0,9.033,0.00646734,0.65,9.033,9.05,9.033,9.033,2.05,9.033,-212160,-99390,-210150,-99390,0.01,0.83,0.56848,0.0631484,0
-14,-6,0.939772,0,754.606,0.143009,306.65,507.241,593.65,673.862,726.773,402.95,560.757,-204420,-83820,-204420,-81810,24.73,38.93,0.758498,11.7447,0
-14,-5,1,105.976,1124.64,0.406495,363.25,599.811,744.65,825.641,851.325,418.95,712.063,-212010,-69690,-212010,-67680,28.65,40.49,0.487051,22.1132,0
-14,-4,1,605.324,2645.75,0.363426,499.85,803.207,1125.25,1193.81,1532.47,691.75,1005.97,-213120,-51600,-213120,-49590,32.43,41.91,0.406111,28.3006,0
-14,-3,1,371.794,2626.46,0.378462,563.15,962.798,1321.65,1436.11,1732.7,769.65,1158.29,-208620,-39360,-207210,-40770,34.25,42.13,0.498348,29.2088,0
-14,-2,0.907713,0,1673.26,0.208321,515.15,939.268,1375.55,1563.42,1673.26,860.95,1226.61,-211020,-18300,-213030,-18300,31.17,49.59,0.73307,15.5935,0
-14,-1,0.729883,0,917.839,0.0795802,263.45,826.907,645.15,917.839,917.839,473.55,913.411,-214380,-13080,-214380,-15090,24.79,45.29,0.672057,13.082,0
-14,0,0.0234172,0,50.856,0.00683508,0.05,50.856,34.75,50.856,50.856,18.15,50.856,-212790,6360,-214800,6360,0.01,2.33,0.705467,0.09864,0
-13,-16,0.965649,0,657.294,0.105748,168.85,505.131,467.25,603.157,643.638,260.45,534.368,-197400,-236820,-199410,-236820,12.23,30.31,0.752317,7.1999,0
-13,-15,0.990293,0,403.528,0.181668,49.15,228.664,199.85,271.702,335.518,88.05,239.386,-197340,-220110,-199350,-220110,5.81,19.19,0.703501,4.24745,0
-13,-14,0.724831,0,155.812,0.0812114,38.05,119.855,113.65,132.832,150.539,59.55,126.467,-192630,-213120,-194040,-214530,4.67,17.95,0.750245,2.98617,0
-13,-13,0.00130479,0,17.105,0.000432043,0.05,17.105,0.05,17.105,17.105,0.05,17.105,-186750,-198390,-184740,-198390,0.01,0.01,0.912029,0.00957332,0
-13,-12,0,0,0,0,0.05,0,0.05,0,0,0.05,0,-199440,-184080,-197430,-184080,0.01,0.01,0,0,0
-13,-11,0,0,0,0,0.05,0,0.05,0,0,0.05,0,-199440,-168720,-197430,-168720,0.01,0.01,0,0,0
-13,-10,0,0,0,0,0.05,0,0.05,0,0,0.05,0,-199440,-153360,-197430,-153360,0.01,0.01,0,0,0
-13,-9,0,0,0,0,0.05,0,0.05,0,0,0.05,0,-199440,-138000,-197430,-138000,0.01,0.01,0,0,0
-13,-8,0,0,0,0,0.05,0,0.05,0,0,0.05,0,-199440,-122640,-197430,-122640,0.01,0.01,0,0,0
-13,-7,0,0,0,0,0.05,0,0.05,0,0,0.05,0,-199440,-107280,-197430,-107280,0.01,0.01,0,0,0
-13,-6,0.473697,0,961.454,0.295552,353.25,803.342,919.45,940.338,947.869,632.65,880.973,-185490,-81450,-186900,-80040,19.97,41.71,0.65445,9.21524,0
-13,-5,1,195.004,1547.68,0.439669,398.55,752.604,932.75,975.174,1115.59,629.35,882.645,-196680,-67110,-195270,-65700,21.55,37.55,0.549341,15.4931,0
-13,-4,1,344.182,2206.22,0.462584,414.55,663.161,913.75,1033.68,1182.43,577.95,787.792,-195120,-57360,-193710,-55950,29.59,37.23,0.447895,25.2517,0
-13,-3,1,392.129,1791.04,0.357289,446.05,633.813,901.65,1041.48,1053.5,566.05,770.475,-197910,-39510,-199320,-38100,32.35,42.27,0.500756,25.4567,0
-13,-2,0.998041,0,1112.55,0.402987,440.85,698.932,846.65,964.56,1023.16,538.95,767.592,-197040,-16380,-197040,-18390,31.35,44.35,0.604554,20.4816,0
-13,-1,0.246378,0,915.921,0.0366576,150.75,685.541,699.65,832.854,915.921,380.95,706.476,-199440,-13710,-198030,-15120,11.75,38.77,0.842607,4.8129,0
-13,0,0,0,0,0,0.05,0,0.05,0,0,0.05,0,-199440,240,-197430,240,0.01,0.01,0,0,0
-12,-16,0.083775,0,873.329,0.0186006,0.25,563.28,700.05,873.329,873.329,389.55,844.674,-179670,-230670,-181680,-230670,0.01,28.09,0.89011,1.87999,0
-12,-15,0.398807,0,808.162,0.132011,312.05,627.293,742.25,808.162,808.162,509.05,808.162,-179430,-230160,-181440,-230160,19.43,36.47,0.693917,8.3464,0
-12,-14,0.0456881,0,63.813,0.0036215,0.65,63.813,29.75,63.813,63.813,3.95,63.813,-181170,-214710,-183180,-214710,0.01,1.71,0.747991,0.149104,0
-12,-13,0.0194215,0,110.13,0.0101752,0.05,110.13,110.15,110.13,110.13,76.85,110.13,-179190,-198810,-181200,-198810,0.01,4.37,0.824896,0.219661,0
-12,-12,0,0,0,0,0.05,0,0.05,0,0,0.05,0,-184080,-184080,-182070,-184080,0.01,0.01,0,0,0
-12,-11,0,0,0,0,0.05,0,0.05,0,0,0.05,0,-184080,-168720,-182070,-168720,0.01,0.01,0,0,0
-12,-10,0,0,0,0,0.05,0,0.05,0,0,0.05,0,-184080,-153360,-182070,-153360,0.01,0.01,0,0,0
-12,-9,0,0,0,0,0.05,0,0.05,0,0,0.05,0,-184080,-138000,-182070,-138000,0.01,0.01,0,0,0
-12,-8,0.000882056,0,12.032,0.000186855,0.05,12.032,0.05,12.032,12.032,0.05,12.032,-171930,-107790,-169920,-107790,0.01,0.01,0.848876,0.00508567,0
-12,-7,0.228871,0,245.181,0.0327624,22.55,204.282,187.35,245.181,245.181,116.35,245.181,-171540,-107250,-169530,-107250,1.83,9.75,0.659079,1.0057,0
-12,-6,0.822215,0,741.981,0.143026,55.15,541.835,519.85,635.647,741.981,280.35,603.919,-184080,-81150,-184080,-79140,3.33,14.37,0.631254,2.81837,0
-12,-5,1,314.835,1710.26,0.421484,267.25,449.324,734.25,827.983,987.134,490.85,594.136,-175110,-71610,-175110,-69600,13.23,26.75,0.660001,8.3187,0
-12,-4,1,1547.06,2241.95,0.512481,157.15,374.959,341.85,431.408,469.739,224.75,393.13,-184080,-61200,-184080,-59190,10.43,18.57,0.417482,7.85,0
-12,-3,1,48.922,2165.02,0.46659,519.85,1116.37,1277.65,1391.4,1667.85,892.15,1181.6,-171420,-40710,-171420,-42720,31.49,53.59,0.602698,22.1095,0
-12,-2,0.499094,0,581.693,0.0958967,113.05,269.706,324.65,409.412,526.395,165.55,308.915,-182580,-28320,-183990,-29730,11.43,26.63,0.672361,5.58902,0
-12,-1,0,0,0,0,0.05,0,0.05,0,0,0.05,0,-184080,-15120,-182070,-15120,0.01,0.01,0,0,0
-12,0,0,0,0,0,0.05,0,0.05,0,0,0.05,0,-184080,240,-182070,240,0.01,0.01,0,0,0
-11,-16,0,0,0,0,0.05,0,0.05,0,0,0.05,0,-168720,-245520,-166710,-245520,0.01,0.01,0,0,0
-11,-15,0,0,0,0,0.05,0,0.05,0,0,0.05,0,-168720,-230160,-166710,-230160,0.01,0.01,0,0,0
-11,-14,0,0,0,0,0.05,0,0.05,0,0,0.05,0,-168720,-214800,-166710,-214800,0.01,0.01,0,0,0
-11,-13,0,0,0,0,0.05,0,0.05,0,0,0.05,0,-168720,-199440,-166710,-199440,0.01,0.01,0,0,0
-11,-12,0,0,0,0,0.05,0,0.05,0,0,0.05,0,-168720,-184080,-166710,-184080,0.01,0.01,0,0,0
-11,-11,0.000150397,0,0.947,2.64833e-05,0.05,0.947,0.95,0.947,0.947,0.05,0.947,-162810,-164730,-160800,-164730,0.01,0.01,0.796782,0.000209596,0
-11,-10,0,0,0,0,0.05,0,0.05,0,0,0.05,0,-168720,-153360,-166710,-153360,0.01,0.01,0,0,0
-11,-9,0,0,0,0,0.05,0,0.05,0,0,0.05,0,-168720,-138000,-166710,-138000,0.01,0.01,0,0,0
-11,-8,0.00063004,0,21.607,7.42202e-05,0.05,21.607,0.15,21.607,21.607,0.05,21.607,-165870,-107820,-167880,-107820,0.01,0.01,0.864969,0.00492233,0
-11,-7,0.770312,0,562.326,0.103169,188.55,536.452,562.35,562.326,562.326,281.75,543.331,-157440,-98040,-158850,-96630,11.59,37.97,0.736963,6.94547,0
-11,-6,0.864692,0,313.007,0.387579,84.65,207.889,211.55,212.473,227.957,161.95,207.889,-156180,-85260,-156180,-83250,4.15,19.79,0.688329,3.4024,0
-11,-5,1,144.818,1499.39,0.302844,147.65,369.943,545.15,573.099,824.179,331.75,442.497,-166680,-65130,-168090,-63720,7.85,17.79,0.587612,6.15253,0
-11,-4,1,184.106,1822.28,0.616953,515.75,743.571,1129.15,1252.18,1440.3,702.25,977.159,-158970,-50670,-160380,-49260,32.31,42.81,0.528509,23.04,0
-11,-3,0.804606,0,1904.4,0.164608,370.05,847.886,1126.05,1221.25,1715.04,674.65,966.383,-162810,-43650,-164220,-45060,22.19,39.11,0.626295,11.688,0
-11,-2,0.00995057,0,30.997,0.0031927,0.05,30.997,4.25,30.997,30.997,0.05,30.997,-166680,-30480,-168690,-30480,0.01,0.09,0.716025,0.0376234,0
-11,-1,0,0,0,0,0.05,0,0.05,0,0,0.05,0,-168720,-15120,-166710,-15120,0.01,0.01,0,0,0
-11,0,0,0,0,0,0.05,0,0.05,0,0,0.05,0,-168720,240,-166710,240,0.01,0.01,0,0,0
-10,-16,0,0,0,0,0.05,0,0.05,0,0,0.05,0,-153360,-245520,-151350,-245520,0.01,0.01,0,0,0
-10,-15,0,0,0,0,0.05,0,0.05,0,0,0.05,0,-153360,-230160,-151350,-230160,0.01,0.01,0,0,0
-10,-14,0.0595327,0,139.526,0.0175071,27.05,139.526,139.55,139.526,139.526,97.75,139.526,-139890,-209820,-141900,-209820,0.01,16.19,0.824853,0.820954,0
-10,-13,0,0,0,0,0.05,0,0.05,0,0,0.05,0,-153360,-199440,-151350,-199440,0.01,0.01,0,0,0
-10,-12,0,0,0,0,0.05,0,0.05,0,0,0.05,0,-153360,-184080,-151350,-184080,0.01,0.01,0,0,0
-10,-11,0,0,0,0,0.05,0,0.05,0,0,0.05,0,-153360,-168720,-151350,-168720,0.01,0.01,0,0,0
-10,-10,0,0,0,0,0.05,0,0.05,0,0,0.05,0,-153360,-153360,-151350,-153360,0.01,0.01,0,0,0
-10,-9,0,0,0,0,0.05,0,0.05,0,0,0.05,0,-153360,-138000,-151350,-138000,0.01,0.01,0,0,0
-10,-8,0,0,0,0,0.05,0,0.05,0,0,0.05,0,-153360,-122640,-151350,-122640,0.01,0.01,0,0,0
-10,-7,0.0017885,0,40.927,0.000506219,0.05,40.927,18.35,40.927,40.927,0.05,40.927,-151020,-94200,-153030,-94200,0.01,0.01,0.881491,0.0354606,0
-10,-6,0.302602,0,505.097,0.0764168,178.35,435.114,500.85,504.56,505.097,336.55,492.897,-145530,-79470,-145530,-77460,9.11,30.09,0.725858,3.71187,0
-10,-5,0.987448,0,759.255,0.466271,330.15,477.582,586.35,642.321,718.491,377.85,536.251,-140250,-65700,-141660,-64290,28.65,36.87,0.603678,18.7213,0
-10,-4,1,4.952,805.62,0.30822,394.45,673.729,729.85,737.887,781.581,537.55,718.728,-144990,-48600,-142980,-48600,32.13,40.53,0.513149,25.9521,0
-10,-3,0.528132,0,453.394,0.0452348,104.65,435.38,449.25,450.432,453.394,315.65,445.343,-141630,-44160,-140220,-42750,7.43,31.13,0.82867,4.2389,0
-10,-2,0,0,0,0,0.05,0,0.05,0,0,0.05,0,-153360,-30480,-151350,-30480,0.01,0.01,0,0,0
-10,-1,0,0,0,0,0.05,0,0.05,0,0,0.05,0,-153360,-15120,-151350,-15120,0.01,0.01,0,0,0
-10,0,0,0,0,0,0.05,0,0.05,0,0,0.05,0,-153360,240,-151350,240,0.01,0.01,0,0,0
-9,-16,0,0,0,0,0.05,0,0.05,0,0,0.05,0,-138000,-245520,-135990,-245520,0.01,0.01,0,0,0
-9,-15,0,0,0,0,0.05,0,0.05,0,0,0.05,0,-138000,-230160,-135990,-230160,0.01,0.01,0,0,0
-9,-14,0.0264495,0,322.143,0.0107687,0.05,312.618,280.85,322.143,322.143,189.95,322.143,-127710,-199950,-129720,-199950,0.01,17.17,0.880673,0.596384,0
-9,-13,0.811671,0,579.593,0.125816,315.55,501.852,552.35,576.776,579.593,378.05,522.758,-128490,-192330,-127080,-193740,25.75,39.51,0.725389,12.8425,0
-9,-12,0.471181,0,621.89,0.154797,207.85,539.074,484.45,581.877,621.89,295.35,556.694,-124560,-171930,-123150,-173340,20.27,34.69,0.70501,9.25299,0
-9,-11,0.0665932,0,206.232,0.0146656,1.45,206.232,206.25,206.232,206.232,112.95,206.232,-123840,-156570,-123840,-158580,0.01,14.71,0.829556,0.712289,0
-9,-10,0,0,0,0,0.05,0,0.05,0,0,0.05,0,-138000,-153360,-135990,-153360,0.01,0.01,0,0,0
-9,-9,0,0,0,0,0.05,0,0.05,0,0,0.05,0,-138000,-138000,-135990,-138000,0.01,0.01,0,0,0
-9,-8,0,0,0,0,0.05,0,0.05,0,0,0.05,0,-138000,-122640,-135990,-122640,0.01,0.01,0,0,0
-9,-7,0.0313313,0,106.729,0.0105446,0.05,103.825,80.85,106.729,106.729,66.25,106.729,-132180,-93840,-130770,-92430,0.01,4.05,0.791947,0.220155,0
-9,-6,0.301464,0,214.131,0.0788353,141.55,214.131,214.15,214.131,214.131,161.75,214.131,-128460,-87060,-130470,-87060,8.51,29.33,0.707011,3.59733,0
-9,-5,0.300493,0,360.392,0.0606879,143.15,281.352,317.45,335.63,360.392,168.55,295.18,-135090,-65010,-136500,-63600,15.77,34.79,0.761595,5.93654,0
-9,-4,0.879483,0,606.487,0.233933,279.25,446.948,587.55,606.487,606.487,370.25,527.552,-131880,-54720,-129870,-54720,21.67,33.49,0.498219,13.8284,0
-9,-3,0.423566,0,631.099,0.0869475,221.95,489.308,577.85,622.102,631.099,383.45,571.126,-136560,-45600,-135150,-44190,16.03,31.57,0.749533,6.07797,0
-9,-2,0.00677598,0,3.513,0.00141652,0.05,3.513,3.55,3.513,3.513,0.15,3.513,-136380,-22230,-134370,-22230,0.01,0.05,0.831093,0.0080815,0
-9,-1,0,0,0,0,0.05,0,0.05,0,0,0.05,0,-138000,-15120,-135990,-15120,0.01,0.01,0,0,0
-9,0,0,0,0,0,0.05,0,0.05,0,0,0.05,0,-138000,240,-135990,240,0.01,0.01,0,0,0
-8,-16,0,0,0,0,0.05,0,0.05,0,0,0.05,0,-122640,-245520,-120630,-245520,0.01,0.01,0,0,0
-8,-15,0,0,0,0,0.05,0,0.05,0,0,0.05,0,-122640,-230160,-120630,-230160,0.01,0.01,0,0,0
-8,-14,8.94251e-05,0,10.134,2.28476e-05,0.05,10.134,10.15,10.134,10.134,0.05,10.134,-117150,-201510,-115140,-201510,0.01,0.01,0.904753,0.000991729,0
-8,-13,0.765279,0,1385.33,0.180212,300.85,550.205,910.05,1059.35,1283.03,524.95,734.717,-118740,-188340,-118740,-186330,23.29,36.81,0.541257,14.3381,0
-8,-12,0.999947,0,1739.05,0.455118,459.45,694.777,978.75,1015.66,1462.75,557.65,899.588,-116520,-173340,-114510,-173340,33.43,43.35,0.635611,22.6979,0
-8,-11,0.669599,0,997.847,0.202986,432.65,650.489,803.85,823.882,919.178,567.95,770.139,-115560,-164580,-113550,-164580,30.69,41.97,0.676705,16.6365,0
-8,-10,0.00123163,0,23.326,0.000328032,0.05,23.326,23.35,23.326,23.326,0.05,23.326,-112530,-146160,-110520,-146160,0.01,0.01,0.887818,0.0131351,0
-8,-9,0,0,0,0,0.05,0,0.05,0,0,0.05,0,-122640,-138000,-120630,-138000,0.01,0.01,0,0,0
-8,-8,0,0,0,0,0.05,0,0.05,0,0,0.05,0,-122640,-122640,-120630,-122640,0.01,0.01,0,0,0
-8,-7,0.0620244,0,260.47,0.0202414,0.05,228.336,209.45,260.47,260.47,122.05,240.55,-111930,-93870,-110520,-92460,0.01,23.51,0.861127,1.22441,0
-8,-6,0.256443,0,580.132,0.0991893,261.55,533.915,540.05,575.834,580.132,385.45,533.915,-110790,-81600,-108780,-81600,21.91,41.15,0.773167,7.5836,0
-8,-5,0.66603,0,1022.1,0.191639,277.45,464.318,681.85,755.579,938.147,387.15,547.792,-108030,-63120,-109440,-61710,22.63,37.91,0.625294,11.8622,0
-8,-4,1,28.93,1496.36,0.49374,365.05,775.801,872.35,1130.35,1374.45,534.55,832.278,-115140,-46350,-113130,-46350,23.83,37.49,0.526254,15.9926,0
-8,-3,0.834299,0,1920.38,0.194691,460.45,835.148,1152.85,1258.03,1775,679.75,1004.52,-107790,-37980,-107790,-39990,27.73,43.41,0.57119,16.2999,0
-8,-2,0.103534,0,376.027,0.0135409,4.15,350.11,275.15,373.93,376.027,166.65,354.931,-109800,-30150,-107790,-30150,0.19,22.25,0.870315,0.944251,0
-8,-1,0,0,0,0,0.05,0,0.05,0,0,0.05,0,-122640,-15120,-120630,-15120,0.01,0.01,0,0,0
-8,0,0,0,0,0,0.05,0,0.05,0,0,0.05,0,-122640,240,-120630,240,0.01,0.01,0,0,0
-7,-16,0,0,0,0,0.05,0,0.05,0,0,0.05,0,-107280,-245520,-105270,-245520,0.01,0.01,0,0,0
-7,-15,0,0,0,0,0.05,0,0.05,0,0,0.05,0,-107280,-230160,-105270,-230160,0.01,0.01,0,0,0
-7,-14,0,0,0,0,0.05,0,0.05,0,0,0.05,0,-107280,-214800,-105270,-214800,0.01,0.01,0,0,0
-7,-13,0.435281,0,274.985,0.148937,63.05,133.5,185.55,208.436,274.985,110.25,152.935,-99060,-187890,-99060,-185880,4.47,11.19,0.586211,2.21504,0
-7,-12,1,71.103,1084.04,0.192835,214.15,663.473,810.25,872.252,987.165,499.35,746.325,-103860,-171060,-105870,-171060,15.91,32.75,0.718307,9.87643,0
-7,-11,0.991033,0,748.557,0.319535,309.65,543.182,646.45,663.617,685.543,413.75,631.725,-103770,-161070,-103770,-163080,28.03,38.49,0.477719,21.4623,0
-7,-10,0.498264,0,329.486,0.0563722,154.35,273.121,275.55,324.562,328.668,182.85,321.409,-92490,-153000,-92490,-150990,11.69,31.35,0.831068,4.54718,0
-7,-9,0,0,0,0,0.05,0,0.05,0,0,0.05,0,-107280,-138000,-105270,-138000,0.01,0.01,0,0,0
-7,-8,0,0,0,0,0.05,0,0.05,0,0,0.05,0,-107280,-122640,-105270,-122640,0.01,0.01,0,0,0
-7,-7,0.43335,0,512.448,0.145035,226.25,386.06,426.55,446.433,512.448,259.25,421.344,-106080,-93990,-104070,-93990,22.63,37.39,0.744341,9.57611,0
-7,-6,0.883394,0,820.497,0.303953,381.05,584.141,693.65,728.448,820.497,525.25,645.155,-99840,-85290,-98430,-86700,31.55,46.23,0.527443,21.3225,0
-7,-5,1,20.85,2204.23,0.103937,416.55,1381.06,1671.25,1933.22,2150.22,956.85,1663.01,-93930,-68280,-92520,-66870,26.15,46.41,0.713499,13.6382,0
-7,-4,1,60.857,1481.07,0.391423,454.15,697.596,974.75,1057.41,1299.56,588.65,847.292,-99030,-47760,-100440,-46350,32.23,44.01,0.467452,24.4438,0
-7,-3,1,136.331,2002.8,0.438213,612.95,956.425,1193.25,1312.22,1812.73,807.95,1139.67,-100830,-42180,-102240,-40770,39.11,53.01,0.389036,36.1681,0
-7,-2,0.984245,0,886.475,0.237095,303.15,509.077,542.25,660.47,779.331,353.65,615.174,-95280,-30480,-97290,-30480,24.63,32.55,0.536775,16.469,0
-7,-1,0.595811,0,729.692,0.0938773,303.15,676.863,729.65,729.692,729.692,494.05,729.692,-97650,-2700,-96240,-4110,20.45,35.47,0.756158,8.49358,0
-7,0,0.0418916,0,364.927,0.0121728,0.05,298.449,251.35,364.927,364.927,154.85,327.699,-96330,300,-94320,300,0.01,17.77,0.834978,0.715881,0
-6,-16,0,0,0,0,0.05,0,0.05,0,0,0.05,0,-91920,-245520,-89910,-245520,0.01,0.01,0,0,0
-6,-15,0,0,0,0,0.05,0,0.05,0,0,0.05,0,-91920,-230160,-89910,-230160,0.01,0.01,0,0,0
-6,-14,0,0,0,0,0.05,0,0.05,0,0,0.05,0,-91920,-214800,-89910,-214800,0.01,0.01,0,0,0
-6,-13,0.0784705,0,74.737,0.0207395,5.95,74.737,55.35,74.737,74.737,33.35,74.737,-77970,-186630,-77970,-184620,0.01,3.75,0.62662,0.266094,0
-6,-12,0.798607,0,622.443,0.187766,160.65,388.895,339.35,442.387,556.69,197.95,395.957,-83910,-171240,-83910,-169230,16.73,37.43,0.680118,9.07144,0
-6,-11,1,33.058,940.316,0.407206,383.35,527.677,608.15,631.391,752.062,445.85,555.933,-81000,-160530,-81000,-162540,29.59,38.87,0.427037,24.8962,0
-6,-10,0.575471,0,384.773,0.0977564,163.95,333.546,378.95,380.813,384.773,228.35,372.936,-89520,-151380,-90930,-149970,15.01,30.93,0.72485,6.60771,0
-6,-9,0.0222668,0,50.78,0.00331116,0.05,50.78,50.75,50.78,50.78,8.35,50.78,-79980,-131070,-77970,-131070,0.01,2.79,0.78165,0.14317,0
-6,-8,0.0500415,0,348.425,0.017913,0.75,348.425,348.45,348.425,348.425,248.25,348.425,-81930,-109950,-79920,-109950,0.01,31.71,0.859591,1.72725,0
-6,-7,0.415302,0,583.798,0.168718,249.85,550.516,568.65,583.798,583.798,418.45,583.798,-89670,-93840,-88260,-92430,15.75,36.55,0.66215,6.98379,0
-6,-6,1,7.131,1089.91,0.273489,209.65,485.16,602.55,670.907,829.917,405.25,638.612,-90510,-85200,-91920,-86610,13.39,31.17,0.654106,8.42174,0
-6,-5,1,155.802,2962.14,0.380392,861.45,1381.29,2118.55,2223.1,2696.27,1326.05,1802.69,-88140,-70860,-88140,-68850,42.01,57.15,0.52765,32.779,0
-6,-4,1,548.186,2775.2,0.448642,681.45,1041.12,1584.75,1711.42,2226.72,977.05,1286.33,-83310,-57180,-84720,-58590,38.49,45.11,0.452283,38.3236,0
-6,-3,1,145.686,2031.36,0.424263,402.55,719.815,869.15,911.219,1025.77,614.95,789.379,-86940,-34050,-84930,-34050,31.65,45.77,0.587153,21.7882,0
-6,-2,1,31.077,1967.48,0.238393,375.65,693.84,1047.65,1173.16,1737.27,562.45,820.916,-80580,-22410,-79170,-23820,26.83,41.41,0.657869,15.5621,0
-6,-1,0.788168,0,431.216,0.0882981,67.55,257.239,238.55,428.128,431.216,155.65,311.455,-79080,-15060,-77070,-15060,5.65,16.49,0.631936,3.40382,0
-6,0,0.122102,0,383.082,0.0207088,12.35,337.158,311.75,372.812,383.082,167.85,357.789,-79470,1740,-77460,1740,0.89,24.81,0.847112,1.52226,0
-5,-16,0.0144178,0,429.963,0.00815608,0.05,429.963,303.25,429.963,429.963,143.65,429.963,-63900,-231540,-61890,-231540,0.01,10.69,0.870158,0.460294,0
-5,-15,0.015499,0,215.593,0.0019546,0.05,215.593,47.15,215.593,215.593,9.55,215.593,-64830,-230160,-62820,-230160,0.01,3.03,0.854331,0.153372,0
-5,-14,0.0127024,0,152.581,0.00586086,0.05,152.581,152.55,152.581,152.581,73.95,152.581,-67500,-200550,-65490,-200550,0.01,6.89,0.833537,0.330489,0
-5,-13,0.000227627,0,61.59,8.46135e-05,0.05,61.59,0.05,61.59,61.59,0.05,61.59,-68040,-199440,-66030,-199440,0.01,0.01,0.910906,0.0070019,0
-5,-12,0.774584,0,1563.49,0.1279,560.45,1005.56,1514.65,1563.49,1563.49,974.75,1505.12,-72930,-182070,-72930,-180060,29.39,43.33,0.648634,16.329,0
-5,-11,1,3.029,730.737,0.318293,316.75,524.233,541.15,582.704,632.894,356.35,568.132,-74700,-159900,-76110,-161310,27.03,36.79,0.594351,17.7262,0
-5,-10,0.401124,0,246.869,0.0451428,24.75,238.135,222.55,246.869,246.869,127.25,246.869,-67350,-138750,-69360,-138750,2.29,13.67,0.701056,1.56305,0
-5,-9,0.350099,0,133.874,0.0467597,62.35,126.722,121.65,133.874,133.874,93.55,133.874,-68640,-136080,-70050,-137490,4.55,16.79,0.700327,2.16763,0
-5,-8,0.848815,0,377.601,0.261395,195.35,316.441,375.95,377.601,377.601,238.05,371.212,-71340,-112620,-72750,-111210,17.15,32.39,0.657595,9.36455,0
-5,-7,0.930549,0,634.543,0.556369,191.25,426.528,439.55,475.977,559.914,310.85,458.252,-61860,-102690,-63270,-101280,11.19,30.45,0.620248,7.50765,0
-5,-6,1,123.896,1256.08,0.553839,167.15,481.49,659.15,687.822,855.348,426.55,584.594,-71970,-86880,-71970,-84870,7.71,21.31,0.694101,5.96218,0
-5,-5,1,1135,2482.09,0.399196,180.25,516.879,612.85,665.39,792.834,299.05,596.438,-75900,-65280,-75900,-63270,11.87,36.79,0.730023,9.85968,0
-5,-4,1,1244.37,2763.78,0.511309,463.25,884.879,944.15,1180.54,1229.5,570.15,914.226,-75570,-52530,-75570,-50520,32.55,40.77,0.499453,26.8706,0
-5,-3,1,1270,3558.31,0.475128,360.75,535.322,832.75,906.719,1361.01,479.45,672.6,-69150,-39390,-67740,-37980,27.77,36.27,0.515913,21.768,0
-5,-2,1,524.469,3698.31,0.582096,617.15,866.115,1322.65,1387.26,2080.24,822.45,1042.46,-69180,-16770,-67170,-16770,37.35,46.13,0.384019,36.5572,0
-5,-1,1,76.109,2888.98,0.244904,591.05,948.633,1431.65,1640.6,2165.53,850.85,1206.38,-65250,-12600,-63840,-14010,36.11,46.09,0.524488,28.674,0
-5,0,0.995293,0,1431.61,0.265148,350.75,847.247,895.85,1131.39,1221.69,569.65,1004.53,-63120,1800,-61710,390,29.61,42.73,0.426884,22.9885,0
-4,-16,0.00288193,0,353.598,0.00141241,0.05,353.598,0.05,353.598,353.598,0.05,353.598,-59190,-231450,-61200,-231450,0.01,0.01,0.92994,0.173596,0
-4,-15,0.049639,0,171.236,0.0110292,0.05,171.236,165.15,171.236,171.236,69.05,171.236,-48690,-217980,-46680,-217980,0.01,6.51,0.744423,0.342829,0
-4,-14,0.0239253,0,155.959,0.00394776,0.05,155.959,155.95,155.959,155.959,37.05,155.959,-49410,-203340,-47400,-203340,0.01,9.45,0.843749,0.381255,0
-4,-13,0.00818239,0,166.793,0.00127348,0.05,166.793,46.95,166.793,166.793,0.05,166.793,-54660,-184710,-52650,-184710,0.01,0.01,0.870405,0.112264,0
-4,-12,0.926029,0,819.045,0.205703,344.85,730.022,819.05,819.045,819.045,553.45,808.762,-57750,-182100,-56340,-180690,24.79,39.37,0.708533,12.4364,0
-4,-11,0.636276,0,307.005,0.0820963,84.05,234.604,250.65,266.147,296.866,116.15,250.555,-49830,-167640,-47820,-167640,5.41,23.59,0.77617,3.52617,0
-4,-10,0.0702962,0,35.918,0.0105917,10.45,35.918,27.55,35.918,35.918,14.35,35.918,-59220,-138810,-57210,-138810,0.01,6.29,0.763404,0.362639,0
-4,-9,0.153401,0,36.498,0.0214051,11.05,36.498,21.15,36.498,36.498,13.75,36.498,-59190,-132630,-61200,-132630,0.79,4.51,0.596439,0.440223,0
-4,-8,0.697699,0,139.814,0.187118,26.45,57.888,69.05,103.592,114.799,45.65,75.635,-58980,-107790,-60990,-107790,2.23,5.97,0.48668,1.7163,0
-4,-7,0.816744,0,525.123,0.117891,92.45,264.229,323.85,433.896,503.039,201.85,319.123,-55650,-94440,-55650,-92430,5.11,14.95,0.649408,2.90885,0
-4,-6,1,26.104,1528.12,0.533553,332.15,601.826,829.35,927.805,1226.86,522.55,733.793,-49500,-79770,-51510,-79770,21.61,37.51,0.676022,13.0017,0
-4,-5,1,316.378,2451.04,0.465677,548.25,809.391,993.05,1029.23,1376.45,657.35,931.97,-48210,-62550,-50220,-62550,37.05,45.71,0.618285,27.2705,0
-4,-4,1,1071.47,3551.8,0.579235,666.45,1087.9,1430.65,1518.9,2132.73,903.15,1325.16,-50040,-60870,-48630,-59460,38.47,46.47,0.39432,38.5107,0
-4,-3,1,2030.85,3662.25,0.48629,401.15,845.872,848.55,972.702,1141.8,556.65,892.047,-46350,-37980,-48360,-37980,30.15,39.57,0.460471,24.7593,0
-4,-2,1,2278.41,3666.7,0.409564,356.05,509.671,641.85,717.681,1027.32,409.75,639.73,-60090,-26640,-60090,-28650,24.33,37.35,0.456231,19.2926,0
-4,-1,1,1326.37,3070.4,0.457065,490.45,751.143,1180.35,1253.96,1744.03,694.85,911.296,-56610,-8550,-55200,-9960,32.89,42.21,0.455694,28.532,0
-4,0,1,686.792,2079.21,0.509707,500.85,746.068,916.35,1044.85,1239.82,613.15,887.921,-60990,2790,-60990,780,36.93,47.77,0.396467,34.4863,0
-3,-16,0,0,0,0,0.05,0,0.05,0,0,0.05,0,-45840,-245520,-43830,-245520,0.01,0.01,0,0,0
-3,-15,0.0573662,0,146.222,0.0187987,0.05,135.857,122.25,146.222,146.222,77.25,146.222,-45840,-219720,-45840,-217710,0.01,5.09,0.690482,0.291767,0
-3,-14,0.0422493,0,159.841,0.00606239,2.15,159.841,159.85,159.841,159.841,53.35,159.841,-40590,-209430,-38580,-209430,0.01,9.85,0.795292,0.436049,0
-3,-13,0.565374,0,53.678,0.0471289,8.15,53.678,21.75,53.678,53.678,10.85,53.678,-33000,-198600,-30990,-198600,1.31,3.11,0.44849,0.886313,0
-3,-12,0.978005,0,533.239,0.209096,148.05,338.272,406.35,422.113,489.284,216.45,379.364,-41280,-173040,-41280,-171030,12.35,25.25,0.730717,6.18263,0
-3,-11,0.750171,0,464.779,0.230854,185.75,303.542,349.15,371.721,437.498,207.65,327.532,-43560,-167190,-42150,-168600,17.59,30.47,0.664179,9.20943,0
-3,-10,0.0358391,0,215.643,0.00573051,7.95,215.643,215.65,215.643,215.643,86.95,215.643,-38580,-146430,-36570,-146430,0.01,12.09,0.834684,0.475261,0
-3,-9,0.00121537,0,13.086,0.000254784,0.05,13.086,0.05,13.086,13.086,0.05,13.086,-42300,-123150,-44310,-123150,0.01,0.01,0.872259,0.00415513,0
-3,-8,0.00798322,0,27.631,0.00165397,0.05,27.631,19.85,27.631,27.631,0.25,27.631,-45540,-122640,-43530,-122640,0.01,0.01,0.715775,0.0323659,0
-3,-7,0.252321,0,22.141,0.0588337,5.25,11.102,11.55,16.803,20.876,7.25,12.819,-43770,-93930,-45180,-92520,0.53,1.71,0.620346,0.312005,0
-3,-6,0.861928,0,870.814,0.13431,128.65,398.499,493.65,587.061,698.83,278.35,523,-41700,-78090,-43710,-78090,6.41,24.03,0.709897,4.5049,0
-3,-5,1,121.578,1733.42,0.375603,548.75,936.31,1081.05,1138.74,1283.62,704.85,1023.99,-33930,-64050,-33930,-62040,36.79,45.77,0.428273,33.9649,0
-3,-4,1,883.392,4981.96,0.401364,758.95,1121.86,1455.95,1503.01,2234.76,968.15,1281.13,-40980,-54510,-39570,-53100,43.73,51.37,0.460539,46.8006,0
-3,-3,1,1688.2,6329.72,0.31381,892.15,1436.84,2265.45,2403.43,3286.2,1352.75,1964.25,-33030,-38280,-33030,-40290,44.55,56.99,0.497254,38.84,0
-3,-2,1,1088.89,3047.95,0.494874,440.95,651.019,857.75,974.436,1101.13,555.65,719.924,-32220,-24360,-33630,-25770,33.75,44.05,0.460788,28.581,0
-3,-1,1,963.97,2363.8,0.452882,379.85,665.311,826.35,905.56,1132.84,473.15,787.469,-36570,-7470,-34560,-7470,31.79,40.35,0.494628,26.4891,0
-3,0,1,657.361,2328.17,0.358625,550.75,891.096,1094.15,1319.41,1513.33,685.25,946.869,-33750,10020,-31740,10020,39.39,49.63,0.466339,35.1494,0
-2,-16,0,0,0,0,0.05,0,0.05,0,0,0.05,0,-30480,-245520,-28470,-245520,0.01,0.01,0,0,0
-2,-15,0,0,0,0,0.05,0,0.05,0,0,0.05,0,-30480,-230160,-28470,-230160,0.01,0.01,0,0,0
-2,-14,0.0583336,0,40.496,0.0273473,0.05,37.756,34.15,40.496,40.496,26.05,40.496,-19590,-202020,-19590,-200010,0.01,4.31,0.717342,0.296932,0
-2,-13,0.857111,0,963.206,0.114514,119.05,497.097,477.25,653.432,774.739,267.45,562.144,-17760,-186000,-16350,-184590,8.21,23.37,0.677422,4.85967,0
-2,-12,1,20.024,1328.41,0.161557,360.05,756.438,1045.75,1138.23,1236.17,704.75,928.942,-18570,-179250,-16560,-179250,21.73,38.43,0.748304,10.5459,0
-2,-11,0.791066,0,536.748,0.16387,153.95,339.212,357.15,467.85,508.759,231.75,392.309,-17940,-167820,-15930,-167820,15.93,28.31,0.589374,8.47298,0
-2,-10,0.0812467,0,255.682,0.025276,56.55,255.682,255.65,255.682,255.682,182.85,255.682,-29070,-143670,-29070,-145680,0.01,19.29,0.788364,1.24827,0
-2,-9,0,0,0,0,0.05,0,0.05,0,0,0.05,0,-30480,-138000,-28470,-138000,0.01,0.01,0,0,0
-2,-8,0.00144706,0,19.837,0.000429787,0.05,19.837,0.05,19.837,19.837,0.05,19.837,-17670,-108960,-15660,-108960,0.01,0.01,0.831495,0.0105204,0
-2,-7,0,0,0,0,0.05,0,0.05,0,0,0.05,0,-30480,-107280,-28470,-107280,0.01,0.01,0,0,0
-2,-6,0.605607,0,491.814,0.0360492,60.25,410.772,447.65,466.872,486.642,203.75,448.72,-19440,-79230,-18030,-77820,4.69,26.21,0.800244,3.03754,0
-2,-5,1,42.046,2000.29,0.280451,559.15,943.563,1276.85,1392.43,1625.97,765.15,1116.23,-26310,-67380,-27720,-65970,35.25,44.37,0.533481,27.161,0
-2,-4,1,510.979,4777.68,0.284517,752.75,1167.27,1770.15,1891.55,2585.65,1177.45,1604.04,-22350,-52320,-24360,-52320,42.97,52.35,0.498069,38.7992,0
-2,-3,1,465.714,6016.81,0.270382,873.85,1393.13,2169.15,2527.14,3984.32,1293.75,1706.82,-25650,-42660,-27660,-42660,42.11,53.19,0.552277,33.0812,0
-2,-2,1,428.914,1904.31,0.243604,363.85,814.377,896.25,1028.79,1307.26,552.65,877.052,-21270,-17040,-19860,-15630,23.75,42.85,0.697077,12.9622,0
-2,-1,1,1099.26,2697.08,0.530959,472.15,747.454,1024.35,1126.34,1482.61,626.95,881.756,-21570,-15090,-20160,-13680,34.65,43.69,0.45873,30.9198,0
-2,0,1,829.045,2950.68,0.564115,586.65,919.885,1205.65,1352.21,1763.22,755.95,959.045,-21180,3660,-22590,2250,38.19,46.47,0.385042,39.2966,0
-1,-16,0,0,0,0,0.05,0,0.05,0,0,0.05,0,-15120,-245520,-13110,-245520,0.01,0.01,0,0,0
-1,-15,0,0,0,0,0.05,0,0.05,0,0,0.05,0,-15120,-230160,-13110,-230160,0.01,0.01,0,0,0
-1,-14,0.134914,0,613.224,0.0245046,70.65,561.849,601.25,613.224,613.224,322.85,598.28,-8910,-202620,-10320,-201210,3.01,35.03,0.8713,2.64509,0
-1,-13,0.81587,0,1185,0.479217,388.05,659.884,975.85,1051.77,1166.93,644.55,836.625,-8100,-194760,-8100,-192750,22.45,38.67,0.56898,13.4816,0
-1,-12,1,125.251,1812.16,0.543355,576.45,847.819,1310.35,1346.56,1566.9,804.25,1101.16,-10290,-172320,-11700,-173730,33.67,43.07,0.522976,25.9911,0
-1,-11,0.80848,0,1704.27,0.190894,507.95,769.093,1165.45,1308.43,1595.6,722.15,1002.54,-7590,-165450,-7590,-167460,31.87,44.45,0.519884,21.7849,0
-1,-10,0.00480457,0,30.388,0.000320294,0.05,30.388,29.55,30.388,30.388,0.05,30.388,-10140,-138930,-8130,-138930,0.01,0.01,0.874821,0.0179967,0
-1,-9,0.54516,0,554.567,0.085551,236.65,481.042,554.55,554.567,554.567,326.15,549.593,-8220,-127980,-6810,-129390,13.97,32.91,0.73838,5.92976,0
-1,-8,0,0,0,0,0.05,0,0.05,0,0,0.05,0,-15120,-122640,-13110,-122640,0.01,0.01,0,0,0
-1,-7,0.000597522,0,22.968,0.000218528,0.05,22.968,0.05,22.968,22.968,0.05,22.968,-13920,-92460,-11910,-92460,0.01,0.01,0.910737,0.00799164,0
-1,-6,0.838311,0,920.453,0.157919,370.35,663.906,697.95,844.45,866.535,470.75,660.561,-4800,-79080,-4800,-77070,27.37,40.11,0.603807,15.9819,0
-1,-5,1,47.946,1527.08,0.243652,519.55,1077.55,1230.45,1260.72,1423.12,827.15,1199.87,-7320,-75960,-5310,-75960,32.25,46.69,0.578361,20.5087,0
-1,-4,1,63.923,895.25,0.307434,112.55,409.575,379.55,541.002,626.256,229.95,507.87,-12840,-61110,-14850,-61110,9.27,27.21,0.704075,6.48736,0
-1,-3,0.947796,0,742.125,0.414517,126.15,277.419,324.45,343.434,415.004,243.25,317.27,-4950,-43710,-6960,-43710,9.59,28.41,0.697459,6.72877,0
-1,-2,0.772222,0,1732.76,0.185651,294.45,684.542,857.55,1000.39,1398.26,525.85,879.453,-12390,-15750,-14400,-15750,21.99,39.77,0.62883,12.0498,0
-1,-1,0.702491,0,1810.25,0.240463,326.15,668.183,867.25,956.176,1275.76,516.55,840.26,-12570,-15120,-14580,-15120,20.37,35.75,0.580675,11.3302,0
-1,0,0.803549,0,1742.14,0.188204,410.35,915.976,1357.05,1423.15,1563.96,746.15,1210.03,-12420,12060,-14430,12060,22.33,46.41,0.761207,10.8972,0
0,-16,0,0,0,0,0.05,0,0.05,0,0,0.05,0,240,-245520,2250,-245520,0.01,0.01,0,0,0
0,-15,0,0,0,0,0.05,0,0.05,0,0,0.05,0,240,-230160,2250,-230160,0.01,0.01,0,0,0
0,-14,0.00356074,0,99.839,0.0012042,0.05,99.839,17.95,99.839,99.839,0.05,99.839,13050,-207030,15060,-207030,0.01,0.01,0.879353,0.0621392,0
0,-13,0.312533,0,615.293,0.0571216,86.35,319.526,369.45,504.905,581.571,242.05,347.33,5850,-186000,4440,-184590,4.81,18.63,0.715603,2.16325,0
0,-12,0.999894,0,1184.11,0.27705,170.55,377.213,522.55,578.014,837.786,311.25,453.694,2640,-169950,630,-169950,9.67,19.77,0.539615,6.67742,0
0,-11,0.685626,0,1327.38,0.204543,426.25,1100.34,1314.25,1327.38,1327.38,929.85,1289.8,3300,-158010,3300,-160020,26.79,49.01,0.663517,13.9989,0
0,-10,0.0978432,0,187.458,0.0171549,28.05,186.773,147.75,187.458,187.458,75.15,187.458,8040,-140910,8040,-138900,0.13,15.75,0.793929,0.915549,0
0,-9,0.647604,0,780.631,0.0787654,290.35,560.947,697.25,734.836,780.631,424.15,642.202,13590,-135090,11580,-135090,18.65,33.21,0.743697,8.23474,0
0,-8,1.62591e-05,0,14.65,1.30675e-05,0.05,14.65,0.05,14.65,14.65,0.05,14.65,13050,-122640,15060,-122640,0.01,0.01,0.966103,0.000264292,0
0,-7,0.129898,0,232.521,0.0205044,17.45,158.458,103.55,226.538,232.521,58.05,188.507,13080,-93630,15090,-93630,1.05,4.39,0.646529,0.470228,0
0,-6,0.967279,0,1039.67,0.256448,308.85,538.76,590.25,676.081,802.089,362.15,593.907,300,-79350,300,-77340,24.95,34.69,0.663279,14.544,0
0,-5,1,76.23,1043.98,0.394035,333.15,612.029,651.45,691.532,819.814,475.45,641.979,14580,-67560,14580,-69570,22.13,38.81,0.581073,13.9634,0
0,-4,0.733843,0,250.618,0.151741,49.55,113.568,127.75,139.644,238.106,65.75,122.416,2670,-50940,660,-50940,5.29,15.51,0.583709,3.36667,0
0,-3,0.33095,0,198.586,0.118106,57.55,125.68,150.65,159.721,198.586,79.45,150.84,240,-41460,2250,-41460,4.99,12.95,0.594778,2.18864,0
0,-2,0.00331686,0,69.664,0.000987549,0.05,69.664,69.65,69.664,69.664,0.05,69.664,7200,-25650,9210,-25650,0.01,0.01,0.840532,0.0553494,0
0,-1,0,0,0,0,0.05,0,0.05,0,0,0.05,0,240,-15120,2250,-15120,0.01,0.01,0,0,0
0,0,0.00604026,0,12.935,0.00161006,0.05,12.935,6.05,12.935,12.935,0.05,12.935,2460,15090,4470,15090,0.01,0.01,0.656783,0.0107089,0
